,recency,monetary_value
0,2.0615907668,-1.9286453178
1,-0.8569829682,1.2521016921
2,-1.8528548095,-0.2396321392
3,0.112353421,-1.2929088774
4,,
